---,Character,Stat,GrowthStart,MaxValue,Jitter,CurveRow
Vahn_HP,Vahn,HP,180,5000,4,0
Vahn_MP,Vahn,MP,20,900,1,0
Vahn_AGL,Vahn,AGL,100,280,1,1
Vahn_ATK,Vahn,ATK,24,465,1,0
Vahn_UDF,Vahn,UDF,16,425,1,0
Vahn_LDF,Vahn,LDF,13,425,1,0
Vahn_SPD,Vahn,SPD,19,470,1,0
Vahn_INT,Vahn,INT,15,450,1,0
Noa_HP,Noa,HP,150,4500,4,0
Noa_MP,Noa,MP,10,750,1,0
Noa_AGL,Noa,AGL,120,300,1,1
Noa_ATK,Noa,ATK,20,440,1,0
Noa_UDF,Noa,UDF,12,400,1,0
Noa_LDF,Noa,LDF,12,450,1,0
Noa_SPD,Noa,SPD,30,500,1,1
Noa_INT,Noa,INT,9,400,1,0
Gala_HP,Gala,HP,210,5300,4,0
Gala_MP,Gala,MP,40,1000,1,0
Gala_AGL,Gala,AGL,80,270,1,1
Gala_ATK,Gala,ATK,30,490,1,0
Gala_UDF,Gala,UDF,43,450,1,0
Gala_LDF,Gala,LDF,30,400,1,0
Gala_SPD,Gala,SPD,15,425,1,2
Gala_INT,Gala,INT,20,480,1,0
