---,Distance,PitchDeg,YawDeg,FocusOffset,LookAtOffset,FOV,bFollowTarget,FollowLagSpeed,bEnableDepthOfField,Aperture
Default,600.0,15.0,180.0,"(X=0.0,Y=0.0,Z=120.0)","(X=0.0,Y=0.0,Z=0.0)",60.0,True,5.0,False,1.2
CloseUp,180.0,5.0,180.0,"(X=0.0,Y=0.0,Z=155.0)","(X=0.0,Y=0.0,Z=0.0)",45.0,True,8.0,False,1.2
Conversation,320.0,8.0,160.0,"(X=0.0,Y=0.0,Z=140.0)","(X=0.0,Y=25.0,Z=0.0)",50.0,True,6.0,False,1.2
OverShoulder,240.0,6.0,145.0,"(X=0.0,Y=0.0,Z=145.0)","(X=0.0,Y=35.0,Z=0.0)",45.0,True,8.0,False,1.2
ShopFront,350.0,10.0,180.0,"(X=0.0,Y=0.0,Z=130.0)","(X=0.0,Y=0.0,Z=0.0)",55.0,True,6.0,False,1.2
ThreeQuarter,420.0,12.0,135.0,"(X=0.0,Y=0.0,Z=130.0)","(X=0.0,Y=0.0,Z=0.0)",55.0,True,5.0,False,1.2
TopDown,900.0,70.0,180.0,"(X=0.0,Y=0.0,Z=100.0)","(X=0.0,Y=0.0,Z=0.0)",60.0,True,4.0,False,1.2
Wide,1200.0,18.0,180.0,"(X=0.0,Y=0.0,Z=120.0)","(X=0.0,Y=0.0,Z=0.0)",70.0,False,0.0,False,1.2
BattleWide,1000.0,22.0,180.0,"(X=0.0,Y=0.0,Z=110.0)","(X=0.0,Y=0.0,Z=0.0)",65.0,False,0.0,False,1.2
Side45Left,350.0,10.0,135.0,"(X=0.0,Y=0.0,Z=130.0)","(X=0.0,Y=0.0,Z=0.0)",55.0,True,6.0,False,1.2
Side45Right,350.0,10.0,-135.0,"(X=0.0,Y=0.0,Z=130.0)","(X=0.0,Y=0.0,Z=0.0)",55.0,True,6.0,False,1.2
PortraitLeft,140.0,2.0,165.0,"(X=0.0,Y=0.0,Z=140.0)","(X=0.0,Y=0.0,Z=0.0)",80.0,True,6.0,True,1.2
PortraitRight,140.0,2.0,-165.0,"(X=0.0,Y=0.0,Z=140.0)","(X=0.0,Y=0.0,Z=0.0)",80.0,True,6.0,True,1.2
