---,Level,Row0,Row1,Row2
1,1,80,109,60
2,2,82,111,62
3,3,84,113,64
4,4,86,115,66
5,5,88,117,68
6,6,90,119,70
7,7,92,121,72
8,8,94,123,74
9,9,96,125,76
10,10,98,127,78
11,11,100,129,80
12,12,102,131,82
13,13,104,133,84
14,14,106,135,86
15,15,108,137,88
16,16,110,139,90
17,17,112,141,92
18,18,114,143,94
19,19,116,145,96
20,20,118,147,98
21,21,120,100,100
22,22,122,102,102
23,23,124,104,104
24,24,126,106,106
25,25,128,108,108
26,26,130,110,110
27,27,132,112,112
28,28,134,114,114
29,29,136,116,116
30,30,138,118,167
31,31,140,120,169
32,32,142,122,171
33,33,144,124,173
34,34,146,126,175
35,35,148,128,177
36,36,150,130,179
37,37,152,132,181
38,38,154,134,183
39,39,156,136,185
40,40,158,138,187
41,41,160,140,189
42,42,162,142,191
43,43,164,144,193
44,44,166,146,195
45,45,168,148,197
46,46,170,150,199
47,47,172,152,201
48,48,174,154,203
49,49,176,156,205
50,50,64,64,64
51,51,64,64,64
52,52,64,64,64
53,53,64,64,64
54,54,64,64,64
55,55,64,64,64
56,56,64,64,64
57,57,64,64,64
58,58,64,64,64
59,59,64,64,64
60,60,64,64,64
61,61,64,64,64
62,62,64,64,64
63,63,64,64,64
64,64,64,64,64
65,65,64,64,64
66,66,64,64,64
67,67,64,64,64
68,68,64,64,64
69,69,64,64,64
70,70,64,64,64
71,71,64,64,64
72,72,64,64,64
73,73,64,64,64
74,74,64,64,64
75,75,64,64,64
76,76,64,64,64
77,77,64,64,64
78,78,64,64,64
79,79,64,64,64
80,80,64,64,64
81,81,64,64,64
82,82,64,64,64
83,83,64,64,64
84,84,64,64,64
85,85,64,64,64
86,86,64,64,64
87,87,64,64,64
88,88,64,64,64
89,89,64,64,64
90,90,64,64,64
91,91,64,64,64
92,92,64,64,64
93,93,64,64,64
94,94,64,64,64
95,95,64,64,64
96,96,64,64,64
97,97,64,64,64
98,98,64,64,64
