---,Key,Name,Category,BuyPrice,EffectDescription,UseContext,Icon,HealHP,HealMP,bHealAP,bCureStatus,bRevive,bTargetAll,TeachesArt,TeachesCharacter,WeaponType,EquipBest,EquipOthers,AttackBonus,ArmorSlot,EquipCharacter,UDF,LDF,EffectClass,EffectValue,StatusType,ElementType,Summons
healing_leaf,healing_leaf,Healing Leaf,Consumable,100,Restores 200 HP.,AnyTime,,200,0,False,False,False,False,,,,,,0,None,,0,0,,0,,,
healing_shroom,healing_shroom,Healing Shroom,Consumable,60,Restores 200 HP.,AnyTime,,200,0,False,False,False,False,,,,,,0,None,,0,0,,0,,,
healing_bloom,healing_bloom,Healing Bloom,Consumable,600,Restores 200 HP to each character.,AnyTime,,200,0,False,False,False,True,,,,,,0,None,,0,0,,0,,,
healing_flower,healing_flower,Healing Flower,Consumable,800,Restores 800 HP.,AnyTime,,800,0,False,False,False,False,,,,,,0,None,,0,0,,0,,,
healing_fruit,healing_fruit,Healing Fruit,Consumable,2400,Restores 800 HP to each character.,AnyTime,,800,0,False,False,False,True,,,,,,0,None,,0,0,,0,,,
healing_berry,healing_berry,Healing Berry,Consumable,3000,Restores maximum HP.,AnyTime,,9999,0,False,False,False,False,,,,,,0,None,,0,0,,0,,,
soru_bread,soru_bread,Soru Bread,Consumable,6000,Restores maximum HP.,AnyTime,,9999,0,False,False,False,False,,,,,,0,None,,0,0,,0,,,
magic_leaf,magic_leaf,Magic Leaf,Consumable,1000,Restores 50 MP.,AnyTime,,0,50,False,False,False,False,,,,,,0,None,,0,0,,0,,,
magic_fruit,magic_fruit,Magic Fruit,Consumable,5000,Restores 200 MP.,AnyTime,,0,200,False,False,False,False,,,,,,0,None,,0,0,,0,,,
phoenix,phoenix,Phoenix,Consumable,1600,Restores a fallen ally with a small amount of HP.,AnyTime,,0,0,False,False,True,False,,,,,,0,None,,0,0,,0,,,
antidote,antidote,Antidote,Consumable,40,Cures the poison status effect on a single character.,AnyTime,,0,0,False,True,False,False,,,,,,0,None,,0,0,,0,,,
medicine,medicine,Medicine,Consumable,300,Cures all status effects on a single character.,AnyTime,,0,0,False,True,False,False,,,,,,0,None,,0,0,,0,,,
door_of_light,door_of_light,Door of Light,Consumable,200,Escape from a dungeon.,FieldOnly,,0,0,False,False,False,False,,,,,,0,None,,0,0,,0,,,
door_of_wind,door_of_wind,Door of Wind,Consumable,200,Teleport between visited towns.,FieldOnly,,0,0,False,False,False,False,,,,,,0,None,,0,0,,0,,,
fury_boost,fury_boost,Fury Boost,Consumable,2000,Boosts the attack gauge for one battle.,BattleOnly,,0,0,True,False,False,False,,,,,,0,None,,0,0,,0,,,
incense,incense,Incense,Consumable,2000,Lowers the random-encounter rate for a short time.,FieldOnly,,0,0,False,False,False,False,,,,,,0,None,,0,0,,0,,,
power_elixir,power_elixir,Power Elixir,Consumable,1500,Raises Attack of selected character for the battle.,BattleOnly,,0,0,False,False,False,False,,,,,,0,None,,0,0,,0,,,
shield_elixir,shield_elixir,Shield Elixir,Consumable,1500,Raises Defense of selected character for the battle.,BattleOnly,,0,0,False,False,False,False,,,,,,0,None,,0,0,,0,,,
speed_elixir,speed_elixir,Speed Elixir,Consumable,1500,Raises Speed of selected character for the battle.,BattleOnly,,0,0,False,False,False,False,,,,,,0,None,,0,0,,0,,,
wonder_elixir,wonder_elixir,Wonder Elixir,Consumable,6000,Raises all stats of selected character for the battle.,BattleOnly,,0,0,False,False,False,False,,,,,,0,None,,0,0,,0,,,
life_water,life_water,Life Water,PermanentStat,5000,Permanently raises maximum HP by 16.,FieldOnly,,0,0,False,False,False,False,,,,,,0,None,,0,0,hp_max,16,,,
magic_water,magic_water,Magic Water,PermanentStat,5000,Permanently raises maximum MP by 8.,FieldOnly,,0,0,False,False,False,False,,,,,,0,None,,0,0,mp_max,8,,,
power_water,power_water,Power Water,PermanentStat,2000,Permanently raises Attack by 4.,FieldOnly,,0,0,False,False,False,False,,,,,,0,None,,0,0,attack,4,,,
guardian_water,guardian_water,Guardian Water,PermanentStat,2000,Permanently raises UDF and LDF by 4.,FieldOnly,,0,0,False,False,False,False,,,,,,0,None,,0,0,defense,4,,,
swift_water,swift_water,Swift Water,PermanentStat,2000,Permanently raises Speed by 4.,FieldOnly,,0,0,False,False,False,False,,,,,,0,None,,0,0,speed,4,,,
wisdom_water,wisdom_water,Wisdom Water,PermanentStat,2000,Permanently raises Intelligence by 4.,FieldOnly,,0,0,False,False,False,False,,,,,,0,None,,0,0,intelligence,4,,,
miracle_water,miracle_water,Miracle Water,PermanentStat,10000,Permanently raises all stats by 4.,FieldOnly,,0,0,False,False,False,False,,,,,,0,None,,0,0,all_stats,4,,,
honey,honey,Honey,PermanentStat,0,Permanently raises all stats by 4. Hidden boss reward in Rim Elm (Queen Bee tree).,FieldOnly,,0,0,False,False,False,False,,,,,,0,None,,0,0,all_stats,4,,,
fire_book_i,fire_book_i,Fire Book I,ArtBook,0,Teaches Vahn the Tornado Flame Hyper Art.,FieldOnly,,0,0,False,False,False,False,tornado_flame,Vahn,,,,0,None,,0,0,,0,,,
fire_book_ii,fire_book_ii,Fire Book II,ArtBook,0,Teaches Vahn the Fire Blow Hyper Art.,FieldOnly,,0,0,False,False,False,False,fire_blow,Vahn,,,,0,None,,0,0,,0,,,
fire_book_iii,fire_book_iii,Fire Book III,ArtBook,0,Teaches Vahn the Burning Flare Hyper Art.,FieldOnly,,0,0,False,False,False,False,burning_flare,Vahn,,,,0,None,,0,0,,0,,,
wind_book_i,wind_book_i,Wind Book I,ArtBook,0,Teaches Noa the Frost Breath Hyper Art.,FieldOnly,,0,0,False,False,False,False,frost_breath,Noa,,,,0,None,,0,0,,0,,,
wind_book_ii,wind_book_ii,Wind Book II,ArtBook,0,Teaches Noa the Vulture Blade Hyper Art.,FieldOnly,,0,0,False,False,False,False,vulture_blade,Noa,,,,0,None,,0,0,,0,,,
wind_book_iii,wind_book_iii,Wind Book III,ArtBook,0,Teaches Noa the Hurricane Kick Hyper Art.,FieldOnly,,0,0,False,False,False,False,hurricane_kick,Noa,,,,0,None,,0,0,,0,,,
thunder_book_i,thunder_book_i,Thunder Book I,ArtBook,0,Teaches Gala the Thunder Punch Hyper Art.,FieldOnly,,0,0,False,False,False,False,thunder_punch,Gala,,,,0,None,,0,0,,0,,,
thunder_book_ii,thunder_book_ii,Thunder Book II,ArtBook,0,Teaches Gala the Lightning Storm Hyper Art.,FieldOnly,,0,0,False,False,False,False,lightning_storm,Gala,,,,0,None,,0,0,,0,,,
thunder_book_iii,thunder_book_iii,Thunder Book III,ArtBook,0,Teaches Gala the Explosive Fist Hyper Art.,FieldOnly,,0,0,False,False,False,False,explosive_fist,Gala,,,,0,None,,0,0,,0,,,
platinum_card,platinum_card,Platinum Card,Key,0,Unlocks hidden items at certain shops.,QuestOnly,,0,0,False,False,False,False,,,,,,0,None,,0,0,,0,,,
point_card,point_card,Point Card,Key,0,Battle command: spend accumulated card points as damage.,QuestOnly,,0,0,False,False,False,False,,,,,,0,None,,0,0,,0,,,
sunrise_key,sunrise_key,Sunrise Key,Key,0,Opens the Sunrise Gate at Drake Castle.,QuestOnly,,0,0,False,False,False,False,,,,,,0,None,,0,0,,0,,,
lightning_key,lightning_key,Lightning Key,Key,0,Opens the Lightning Gate at Drake Castle.,QuestOnly,,0,0,False,False,False,False,,,,,,0,None,,0,0,,0,,,
star_key,star_key,Star Key,Key,0,Opens the Star Gate at Drake Castle.,QuestOnly,,0,0,False,False,False,False,,,,,,0,None,,0,0,,0,,,
mountain_key,mountain_key,Mountain Key,Key,0,Opens the Mountain Gate at Drake Castle.,QuestOnly,,0,0,False,False,False,False,,,,,,0,None,,0,0,,0,,,
water_key,water_key,Water Key,Key,0,Closes the Drake Castle floodgate.,QuestOnly,,0,0,False,False,False,False,,,,,,0,None,,0,0,,0,,,
fertilizer,fertilizer,Fertilizer,Key,0,Grows the Bridge Grass in West Voz Forest.,QuestOnly,,0,0,False,False,False,False,,,,,,0,None,,0,0,,0,,,
weed_hammer,weed_hammer,Weed Hammer,Key,0,Smashes the Crystallized Weeds in East Voz Forest.,QuestOnly,,0,0,False,False,False,False,,,,,,0,None,,0,0,,0,,,
zalans_letter,zalans_letter,Zalan's Letter,Key,0,Letter from Zalan to his son.,QuestOnly,,0,0,False,False,False,False,,,,,,0,None,,0,0,,0,,,
spring_salts,spring_salts,Spring Salts,Key,0,Make a hot-spring bath and give to Octam's mayor.,QuestOnly,,0,0,False,False,False,False,,,,,,0,None,,0,0,,0,,,
letona_key,letona_key,Letona Key,Key,0,Opens the Ratayu gate to Mt. Letona.,QuestOnly,,0,0,False,False,False,False,,,,,,0,None,,0,0,,0,,,
west_ratayu_key,west_ratayu_key,West Ratayu Key,Key,0,Opens the west gate in Ratayu.,QuestOnly,,0,0,False,False,False,False,,,,,,0,None,,0,0,,0,,,
evil_seru_key,evil_seru_key,Evil Seru Key,Key,0,Opens the sealed Seru Blade room in Ratayu.,QuestOnly,,0,0,False,False,False,False,,,,,,0,None,,0,0,,0,,,
genesis_seedling,genesis_seedling,Genesis Seedling,Key,0,Seedling of Sol's Genesis Tree.,QuestOnly,,0,0,False,False,False,False,,,,,,0,None,,0,0,,0,,,
ruins_key,ruins_key,Ruins Key,Key,0,Calls Tieg at Uru Mais.,QuestOnly,,0,0,False,False,False,False,,,,,,0,None,,0,0,,0,,,
timespace_bomb,timespace_bomb,Timespace Bomb,Key,0,Required to open Nivora Ravine.,QuestOnly,,0,0,False,False,False,False,,,,,,0,None,,0,0,,0,,,
music_score,music_score,Music Score,Key,0,Cara and Grantes' love song.,QuestOnly,,0,0,False,False,False,False,,,,,,0,None,,0,0,,0,,,
soren_flute,soren_flute,Soren Flute,Key,0,Calls the Soren at Mt. Dhini.,QuestOnly,,0,0,False,False,False,False,,,,,,0,None,,0,0,,0,,,
camera_stone,camera_stone,Camera Stone,Key,0,Takes pictures (breaks after four uses).,QuestOnly,,0,0,False,False,False,False,,,,,,0,None,,0,0,,0,,,
swimsuit,swimsuit,Swimsuit,Key,0,Used while taking pictures at Vidna.,QuestOnly,,0,0,False,False,False,False,,,,,,0,None,,0,0,,0,,,
gold_card,gold_card,Gold Card,Key,0,Membership for Sol Disco Fever.,QuestOnly,,0,0,False,False,False,False,,,,,,0,None,,0,0,,0,,,
marys_diary,marys_diary,Mary's Diary,Key,0,Trade to learn arts.,QuestOnly,,0,0,False,False,False,False,,,,,,0,None,,0,0,,0,,,
soren_secrets,soren_secrets,Soren Secrets,Key,0,Trade to learn arts.,QuestOnly,,0,0,False,False,False,False,,,,,,0,None,,0,0,,0,,,
soren_book_of_arts,soren_book_of_arts,Soren Book of Arts,Key,0,Found in Floating Fortress (torture machine).,QuestOnly,,0,0,False,False,False,False,,,,,,0,None,,0,0,,0,,,
old_rod,old_rod,Old Rod,Key,0,Beginner's fishing rod.,FieldOnly,,0,0,False,False,False,False,,,,,,0,None,,0,0,,0,,,
deluxe_rod,deluxe_rod,Deluxe Rod,Key,0,Expert's fishing rod.,FieldOnly,,0,0,False,False,False,False,,,,,,0,None,,0,0,,0,,,
legendary_rod,legendary_rod,Legendary Rod,Key,0,Master's fishing rod.,FieldOnly,,0,0,False,False,False,False,,,,,,0,None,,0,0,,0,,,
light_lure,light_lure,Light Lure,FishingLure,200,Lure for shallow water.,FieldOnly,,0,0,False,False,False,False,,,,,,0,None,,0,0,,0,,,
normal_lure,normal_lure,Normal Lure,FishingLure,300,Lure for normal-depth water.,FieldOnly,,0,0,False,False,False,False,,,,,,0,None,,0,0,,0,,,
heavy_lure,heavy_lure,Heavy Lure,FishingLure,400,Lure for deep water.,FieldOnly,,0,0,False,False,False,False,,,,,,0,None,,0,0,,0,,,
lippian_flute,lippian_flute,Lippian Flute,Consumable,100,"In battle, summons a Lippian.",AnyTime,,0,0,False,False,False,False,,,,,,0,None,,0,0,,0,,,
spikefish_flute,spikefish_flute,Spikefish Flute,Consumable,100,"In battle, summons a Spikefish (auto-escape).",AnyTime,,0,0,False,False,False,False,,,,,,0,None,,0,0,,0,,,
battle_robe,battle_robe,Battle Robe,Armor,35000,,Automatic,,0,0,False,False,False,False,,,,,,0,Armor,Noa,65,60,,0,,,
electric_shoes,electric_shoes,Electric Shoes,Armor,560,,Automatic,,0,0,False,False,False,False,,,,,,0,Shoes,Noa,6,8,,0,,,
expert_armor,expert_armor,Expert Armor,Armor,22200,,Automatic,,0,0,False,False,False,False,,,,,,0,Armor,Vahn,57,56,,0,,,
expert_boots,expert_boots,Expert Boots,Armor,8800,,Automatic,,0,0,False,False,False,False,,,,,,0,Shoes,Vahn,40,37,,0,,,
expert_seal,expert_seal,Expert Seal,Armor,2400,,Automatic,,0,0,False,False,False,False,,,,,,0,Helmet,Vahn,23,16,,0,,,
fighters_band,fighters_band,Fighter's Band,Armor,2600,,Automatic,,0,0,False,False,False,False,,,,,,0,Helmet,Gala,28,20,,0,,,
fighting_boots,fighting_boots,Fighting Boots,Armor,4300,,Automatic,,0,0,False,False,False,False,,,,,,0,Shoes,Gala,33,31,,0,,,
fighting_plate,fighting_plate,Fighting Plate,Armor,4600,,Automatic,,0,0,False,False,False,False,,,,,,0,Armor,Gala,28,30,,0,,,
fighting_robe,fighting_robe,Fighting Robe,Armor,1100,,Automatic,,0,0,False,False,False,False,,,,,,0,Armor,Noa,10,9,,0,,,
green_clip,green_clip,Green Clip,Armor,1000,,Automatic,,0,0,False,False,False,False,,,,,,0,Helmet,Noa,16,10,,0,,,
green_robe,green_robe,Green Robe,Armor,2800,,Automatic,,0,0,False,False,False,False,,,,,,0,Armor,Noa,19,18,,0,,,
guardian_clip,guardian_clip,Guardian Clip,Armor,320,,Automatic,,0,0,False,False,False,False,,,,,,0,Helmet,Noa,7,4,,0,,,
hero_armor,hero_armor,Hero Armor,Armor,40000,,Automatic,,0,0,False,False,False,False,,,,,,0,Armor,Vahn,68,67,,0,,,
hero_boots,hero_boots,Hero Boots,Armor,15500,,Automatic,,0,0,False,False,False,False,,,,,,0,Shoes,Vahn,55,42,,0,,,
hunter_clothes,hunter_clothes,Hunter Clothes,Armor,900,,Automatic,,0,0,False,False,False,False,,,,,,0,Armor,Vahn,8,7,,0,,,
hero_seal,hero_seal,Hero Seal,Armor,12500,,Automatic,,0,0,False,False,False,False,,,,,,0,Helmet,Vahn,44,40,,0,,,
ironman_armor,ironman_armor,Ironman Armor,Armor,5300,,Automatic,,0,0,False,False,False,False,,,,,,0,Armor,Vahn,33,34,,0,,,
ironman_boots,ironman_boots,Ironman Boots,Armor,1400,,Automatic,,0,0,False,False,False,False,,,,,,0,Shoes,Vahn,16,14,,0,,,
ironman_seal,ironman_seal,Ironman Seal,Armor,940,,Automatic,,0,0,False,False,False,False,,,,,,0,Helmet,Vahn,15,10,,0,,,
jeweled_clip,jeweled_clip,Jeweled Clip,Armor,2500,,Automatic,,0,0,False,False,False,False,,,,,,0,Helmet,Noa,25,18,,0,,,
master_armor,master_armor,Master Armor,Armor,15400,,Automatic,,0,0,False,False,False,False,,,,,,0,Armor,Vahn,45,45,,0,,,
master_boots,master_boots,Master Boots,Armor,3200,,Automatic,,0,0,False,False,False,False,,,,,,0,Shoes,Vahn,25,22,,0,,,
olive_shoes,olive_shoes,Olive Shoes,Armor,3900,,Automatic,,0,0,False,False,False,False,,,,,,0,Shoes,Noa,34,29,,0,,,
power_plate,power_plate,Power Plate,Armor,2100,,Automatic,,0,0,False,False,False,False,,,,,,0,Armor,Vahn,16,17,,0,,,
power_earrings,power_earrings,Power Earring,Armor,780,,Automatic,,0,0,False,False,False,False,,,,,,0,Helmet,Gala,14,8,,0,,,
power_shoes,power_shoes,Power Shoes,Armor,1300,,Automatic,,0,0,False,False,False,False,,,,,,0,Shoes,Gala,16,14,,0,,,
pronged_crown,pronged_crown,Pronged Crown,Armor,18200,,Automatic,,0,0,False,False,False,False,,,,,,0,Helmet,Noa,50,47,,0,,,
ra_seru_armor,ra_seru_armor,Ra-Seru Armor,Armor,0,,Automatic,,0,0,False,False,False,False,,,,,,0,Armor,Vahn,83,82,,0,,,
ra_seru_boots,ra_seru_boots,Ra-Seru Boots,Armor,0,,Automatic,,0,0,False,False,False,False,,,,,,0,Shoes,Vahn,86,82,,0,,,
ra_seru_helmet,ra_seru_helmet,Ra-Seru Helmet,Armor,0,,Automatic,,0,0,False,False,False,False,,,,,,0,Helmet,Gala,64,64,,0,,,
ra_seru_plate,ra_seru_plate,Ra-Seru Plate,Armor,0,,Automatic,,0,0,False,False,False,False,,,,,,0,Armor,Gala,75,84,,0,,,
ra_seru_plume,ra_seru_plume,Ra-Seru Plume,Armor,0,,Automatic,,0,0,False,False,False,False,,,,,,0,Helmet,Noa,60,64,,0,,,
ra_seru_robe,ra_seru_robe,Ra-Seru Robe,Armor,0,,Automatic,,0,0,False,False,False,False,,,,,,0,Armor,Noa,84,78,,0,,,
ra_seru_seal,ra_seru_seal,Ra-Seru Seal,Armor,0,,Automatic,,0,0,False,False,False,False,,,,,,0,Helmet,Vahn,62,64,,0,,,
ra_seru_shoes,ra_seru_shoes,Ra-Seru Shoes,Armor,0,,Automatic,,0,0,False,False,False,False,,,,,,0,Shoes,Noa,90,60,,0,,,
ra_seru_thongs,ra_seru_thongs,Ra-Seru Thongs,Armor,0,,Automatic,,0,0,False,False,False,False,,,,,,0,Shoes,Gala,88,84,,0,,,
royal_crown,royal_crown,Royal Crown,Armor,9400,,Automatic,,0,0,False,False,False,False,,,,,,0,Helmet,Noa,37,30,,0,,,
savior_clothes,savior_clothes,Savior Clothes,Armor,1800,,Automatic,,0,0,False,False,False,False,,,,,,0,Armor,Vahn,16,15,,0,,,
scarlet_robe,scarlet_robe,Scarlet Robe,Armor,4800,,Automatic,,0,0,False,False,False,False,,,,,,0,Armor,Noa,31,29,,0,,,
steel_boots,steel_boots,Steel Boots,Armor,18000,,Automatic,,0,0,False,False,False,False,,,,,,0,Shoes,Noa,61,46,,0,,,
tempest_robe,tempest_robe,Tempest Robe,Armor,13400,,Automatic,,0,0,False,False,False,False,,,,,,0,Armor,Noa,42,39,,0,,,
tempest_shoes,tempest_shoes,Tempest Shoes,Armor,1900,,Automatic,,0,0,False,False,False,False,,,,,,0,Shoes,Noa,19,17,,0,,,
triumph_armor,triumph_armor,Triumph Armor,Armor,50000,,Automatic,,0,0,False,False,False,False,,,,,,0,Armor,Vahn,70,69,,0,,,
triumph_boots,triumph_boots,Triumph Boots,Armor,31000,,Automatic,,0,0,False,False,False,False,,,,,,0,Shoes,Vahn,72,54,,0,,,
valor_plate,valor_plate,Valor Plate,Armor,13800,,Automatic,,0,0,False,False,False,False,,,,,,0,Armor,Vahn,41,44,,0,,,
war_god_plate,war_god_plate,War God Plate,Armor,28800,,Automatic,,0,0,False,False,False,False,,,,,,0,Armor,None,75,84,,0,,,
war_god_band,war_god_band,War God Band,Armor,21000,,Automatic,,0,0,False,False,False,False,,,,,,0,Helmet,Gala,47,42,,0,,,
war_god_boots,war_god_boots,War God Boots,Armor,29000,,Automatic,,0,0,False,False,False,False,,,,,,0,Shoes,Gala,66,49,,0,,,
warrior_armor,warrior_armor,Warrior Armor,Armor,3700,,Automatic,,0,0,False,False,False,False,,,,,,0,Armor,Vahn,24,24,,0,,,
warrior_boots,warrior_boots,Warrior Boots,Armor,420,,Automatic,,0,0,False,False,False,False,,,,,,0,Shoes,Vahn,7,7,,0,,,
warrior_seal,warrior_seal,Warrior Seal,Armor,240,,Automatic,,0,0,False,False,False,False,,,,,,0,Helmet,Vahn,6,3,,0,,,
life_ring,life_ring,Life Ring,Accessory,9500,Maximum HP increases by 10%.,Automatic,,0,0,False,False,False,False,,,,,,0,None,,0,0,hp_max_pct,10,,,
life_armband,life_armband,Life Armband,Accessory,30000,Maximum HP increases by 25%.,Automatic,,0,0,False,False,False,False,,,,,,0,None,,0,0,hp_max_pct,25,,,
meis_pendant,meis_pendant,Mei's Pendant,Accessory,0,Maximum HP increases by 10%.,Automatic,,0,0,False,False,False,False,,,,,,0,None,,0,0,hp_max_pct,10,,,
mineas_ring,mineas_ring,Minea's Ring,Accessory,0,Maximum HP increases by 25%.,Automatic,,0,0,False,False,False,False,,,,,,0,None,,0,0,hp_max_pct,25,,,
magic_ring,magic_ring,Magic Ring,Accessory,20000,Maximum MP increases by 10%.,Automatic,,0,0,False,False,False,False,,,,,,0,None,,0,0,mp_max_pct,10,,,
magic_armband,magic_armband,Magic Armband,Accessory,50000,Maximum MP increases by 25%.,Automatic,,0,0,False,False,False,False,,,,,,0,None,,0,0,mp_max_pct,25,,,
zalans_crown,zalans_crown,Zalan's Crown,Accessory,0,AP accrual rate increases by 10%.,Automatic,,0,0,False,False,False,False,,,,,,0,None,,0,0,ap_accrual_pct,10,,,
seru_flame,seru_flame,Seru Flame,Accessory,0,AP accrual rate increases by 25%.,Automatic,,0,0,False,False,False,False,,,,,,0,None,,0,0,ap_accrual_pct,25,,,
mettle_ring,mettle_ring,Mettle Ring,Accessory,12000,AP gained from spirit and incoming hits +10%.,Automatic,,0,0,False,False,False,False,,,,,,0,None,,0,0,ap_accrual_pct,10,,,
mettle_armband,mettle_armband,Mettle Armband,Accessory,40000,AP gained +25%.,Automatic,,0,0,False,False,False,False,,,,,,0,None,,0,0,ap_accrual_pct,25,,,
scarlet_jewel,scarlet_jewel,Scarlet Jewel,Accessory,2500,Upper Defense increases by 20%.,Automatic,,0,0,False,False,False,False,,,,,,0,None,,0,0,udf_pct,20,,,
azure_jewel,azure_jewel,Azure Jewel,Accessory,2500,Lower Defense increases by 20%.,Automatic,,0,0,False,False,False,False,,,,,,0,None,,0,0,ldf_pct,20,,,
guardian_ring,guardian_ring,Guardian Ring,Accessory,8000,UDF and LDF increase by 20%.,Automatic,,0,0,False,False,False,False,,,,,,0,None,,0,0,defense_pct,20,,,
power_ring,power_ring,Power Ring,Accessory,8000,Attack increases by 20%.,Automatic,,0,0,False,False,False,False,,,,,,0,None,,0,0,attack_pct,20,,,
speed_ring,speed_ring,Speed Ring,Accessory,8000,Speed increases by 20%.,Automatic,,0,0,False,False,False,False,,,,,,0,None,,0,0,speed_pct,20,,,
wisdom_ring,wisdom_ring,Wisdom Ring,Accessory,8000,Intelligence increases by 20%.,Automatic,,0,0,False,False,False,False,,,,,,0,None,,0,0,intelligence_pct,20,,,
vitality_ring,vitality_ring,Vitality Ring,Accessory,50000,Agility increases by 20%.,Automatic,,0,0,False,False,False,False,,,,,,0,None,,0,0,agility_pct,20,,,
star_pearl,star_pearl,Star Pearl,Accessory,0,Intelligence increases by 20%.,Automatic,,0,0,False,False,False,False,,,,,,0,None,,0,0,intelligence_pct,20,,,
spirit_jewel,spirit_jewel,Spirit Jewel,Accessory,30000,MP cost reduced by 25%.,Automatic,,0,0,False,False,False,False,,,,,,0,None,,0,0,mp_cost_pct,-25,,,
spirit_talisman,spirit_talisman,Spirit Talisman,Accessory,50000,MP cost reduced by 50%.,Automatic,,0,0,False,False,False,False,,,,,,0,None,,0,0,mp_cost_pct,-50,,,
mettle_gem,mettle_gem,Mettle Gem,Accessory,64000,AP cost reduced by 50%.,Automatic,,0,0,False,False,False,False,,,,,,0,None,,0,0,ap_cost_pct,-50,,,
mettle_goblet,mettle_goblet,Mettle Goblet,Accessory,65000,AP remains at 100.,Automatic,,0,0,False,False,False,False,,,,,,0,None,,0,0,ap_freeze_100,0,,,
fire_droplet,fire_droplet,Fire Droplet,Accessory,0,AP remains at 100.,Automatic,,0,0,False,False,False,False,,,,,,0,None,,0,0,ap_freeze_100,0,,,
life_source,life_source,Life Source,Accessory,50000,Slowly restores HP while walking (5 HP per step).,Automatic,,0,0,False,False,False,False,,,,,,0,None,,0,0,hp_per_step,5,,,
magic_source,magic_source,Magic Source,Accessory,50000,Slowly restores MP while walking (1 MP per step).,Automatic,,0,0,False,False,False,False,,,,,,0,None,,0,0,mp_per_step,1,,,
mettle_source,mettle_source,Mettle Source,Accessory,50000,Slowly accrues AP while walking.,Automatic,,0,0,False,False,False,False,,,,,,0,None,,0,0,ap_per_step,0,,,
life_grail,life_grail,Life Grail,Accessory,40000,Restores 200 HP after every battle turn.,Automatic,,0,0,False,False,False,False,,,,,,0,None,,0,0,hp_per_turn,200,,,
magic_grail,magic_grail,Magic Grail,Accessory,40000,Restores 20 MP after every battle turn.,Automatic,,0,0,False,False,False,False,,,,,,0,None,,0,0,mp_per_turn,20,,,
lost_grail,lost_grail,Lost Grail,Accessory,60000,Revives the wearer once when they fall in battle.,Automatic,,0,0,False,False,False,False,,,,,,0,None,,0,0,revive_once,0,,,
war_soul,war_soul,War Soul,Accessory,60000,Increases the power of arts.,Automatic,,0,0,False,False,False,False,,,,,,0,None,,0,0,art_power_pct,0,,,
cure_amulet,cure_amulet,Cure Amulet,Accessory,800,Protects against Venom.,Automatic,,0,0,False,False,False,False,,,,,,0,None,,0,0,protect_status,0,venom,,
pure_amulet,pure_amulet,Pure Amulet,Accessory,1600,Protects against Venom and Toxic.,Automatic,,0,0,False,False,False,False,,,,,,0,None,,0,0,protect_status,0,venom_toxic,,
forest_amulet,forest_amulet,Forest Amulet,Accessory,2000,Protects against Rot.,Automatic,,0,0,False,False,False,False,,,,,,0,None,,0,0,protect_status,0,rot,,
magic_amulet,magic_amulet,Magic Amulet,Accessory,2000,Protects against Curse.,Automatic,,0,0,False,False,False,False,,,,,,0,None,,0,0,protect_status,0,curse,,
nature_amulet,nature_amulet,Nature Amulet,Accessory,8000,Protects against Numb.,Automatic,,0,0,False,False,False,False,,,,,,0,None,,0,0,protect_status,0,numb,,
stone_amulet,stone_amulet,Stone Amulet,Accessory,15000,Protects against Petrify.,Automatic,,0,0,False,False,False,False,,,,,,0,None,,0,0,protect_status,0,petrify,,
wonder_amulet,wonder_amulet,Wonder Amulet,Accessory,50000,Protects against all status attacks.,Automatic,,0,0,False,False,False,False,,,,,,0,None,,0,0,all_status_def,0,,,
earth_jewel,earth_jewel,Earth Jewel,Accessory,2000,Earth defense up.,Automatic,,0,0,False,False,False,False,,,,,,0,None,,0,0,elemental_def,0,,earth,
deep_sea_jewel,deep_sea_jewel,Deep Sea Jewel,Accessory,2000,Water defense up.,Automatic,,0,0,False,False,False,False,,,,,,0,None,,0,0,elemental_def,0,,water,
burning_jewel,burning_jewel,Burning Jewel,Accessory,2000,Fire defense up.,Automatic,,0,0,False,False,False,False,,,,,,0,None,,0,0,elemental_def,0,,fire,
tempest_jewel,tempest_jewel,Tempest Jewel,Accessory,2000,Wind defense up.,Automatic,,0,0,False,False,False,False,,,,,,0,None,,0,0,elemental_def,0,,wind,
madlight_jewel,madlight_jewel,Madlight Jewel,Accessory,4000,Thunder defense up.,Automatic,,0,0,False,False,False,False,,,,,,0,None,,0,0,elemental_def,0,,thunder,
luminous_jewel,luminous_jewel,Luminous Jewel,Accessory,4000,Light defense up.,Automatic,,0,0,False,False,False,False,,,,,,0,None,,0,0,elemental_def,0,,light,
ebony_jewel,ebony_jewel,Ebony Jewel,Accessory,4000,Dark defense up.,Automatic,,0,0,False,False,False,False,,,,,,0,None,,0,0,elemental_def,0,,dark,
rainbow_jewel,rainbow_jewel,Rainbow Jewel,Accessory,50000,Defense up against all elements.,Automatic,,0,0,False,False,False,False,,,,,,0,None,,0,0,all_elemental_def,0,,,
earth_egg,earth_egg,Earth Egg,Accessory,0,Earth defense up; converted by Zalan to Earth Talisman.,Automatic,,0,0,False,False,False,False,,,,,,0,None,,0,0,elemental_def,0,,earth,
water_egg,water_egg,Water Egg,Accessory,0,Water defense up; converted by Zalan to Water Talisman.,Automatic,,0,0,False,False,False,False,,,,,,0,None,,0,0,elemental_def,0,,water,
light_ra_seru_egg,light_ra_seru_egg,Light Ra-Seru Egg,Accessory,0,Light defense up; converted by Zalan to Light Talisman.,Automatic,,0,0,False,False,False,False,,,,,,0,None,,0,0,elemental_def,0,,light,
dark_stone,dark_stone,Dark Stone,Accessory,0,Dark defense up; converted by Zalan to Dark Talisman.,Automatic,,0,0,False,False,False,False,,,,,,0,None,,0,0,elemental_def,0,,dark,
earth_talisman,earth_talisman,Earth Talisman,Accessory,0,Earth defense up; can summon Palma.,Automatic,,0,0,False,False,False,False,,,,,,0,None,,0,0,summon_seru,0,,,Palma
water_talisman,water_talisman,Water Talisman,Accessory,0,Water defense up; can summon Mule.,Automatic,,0,0,False,False,False,False,,,,,,0,None,,0,0,summon_seru,0,,,Mule
light_talisman,light_talisman,Light Talisman,Accessory,0,Light defense up; can summon Horn.,Automatic,,0,0,False,False,False,False,,,,,,0,None,,0,0,summon_seru,0,,,Horn
dark_talisman,dark_talisman,Dark Talisman,Accessory,0,Dark defense up; can summon Jedo.,Automatic,,0,0,False,False,False,False,,,,,,0,None,,0,0,summon_seru,0,,,Jedo
evil_talisman,evil_talisman,Evil Talisman,Accessory,0,Lowers encounter rate; can summon Juggernaut.,Automatic,,0,0,False,False,False,False,,,,,,0,None,,0,0,summon_seru,0,,,Juggernaut
target_chain,target_chain,Target Chain,Accessory,1200,Increases hit rate.,Automatic,,0,0,False,False,False,False,,,,,,0,None,,0,0,,0,,,
defender_chain,defender_chain,Defender Chain,Accessory,1200,Increases evasion rate.,Automatic,,0,0,False,False,False,False,,,,,,0,None,,0,0,,0,,,
guardian_chain,guardian_chain,Guardian Chain,Accessory,6000,Wearer cannot block; neither can the enemy.,Automatic,,0,0,False,False,False,False,,,,,,0,None,,0,0,,0,,,
speed_chain,speed_chain,Speed Chain,Accessory,30000,Wearer always gets the first turn in battle.,Automatic,,0,0,False,False,False,False,,,,,,0,None,,0,0,first_attack,0,,,
slowness_chain,slowness_chain,Slowness Chain,Accessory,1000,Wearer gets the last turn (good for healers).,Automatic,,0,0,False,False,False,False,,,,,,0,None,,0,0,last_attack,0,,,
crimson_book,crimson_book,Crimson Book,Accessory,65000,Earned XP +25%.,Automatic,,0,0,False,False,False,False,,,,,,0,None,,0,0,xp_pct,25,,,
golden_book,golden_book,Golden Book,Accessory,40000,Earned gold +25%.,Automatic,,0,0,False,False,False,False,,,,,,0,None,,0,0,gold_pct,25,,,
bronze_book,bronze_book,Bronze Book,Accessory,8000,Increases item-drop chance.,Automatic,,0,0,False,False,False,False,,,,,,0,None,,0,0,item_drop_chance,0,,,
ivory_book,ivory_book,Ivory Book,Accessory,5000,Increases the chance of absorbing a Seru.,Automatic,,0,0,False,False,False,False,,,,,,0,None,,0,0,seru_absorb_chance,0,,,
silver_compass,silver_compass,Silver Compass,Accessory,3000,Reduces ambush rate.,Automatic,,0,0,False,False,False,False,,,,,,0,None,,0,0,ambush_def_pct,0,,,
golden_compass,golden_compass,Golden Compass,Accessory,3000,Increases pre-emptive strike rate.,Automatic,,0,0,False,False,False,False,,,,,,0,None,,0,0,ambush_off_pct,0,,,
good_luck_bell,good_luck_bell,Good Luck Bell,Accessory,12000,Lowers random-encounter rate.,Automatic,,0,0,False,False,False,False,,,,,,0,None,,0,0,encounter_pct,-50,,,
bad_luck_bell,bad_luck_bell,Bad Luck Bell,Accessory,13000,Increases random-encounter rate.,Automatic,,0,0,False,False,False,False,,,,,,0,None,,0,0,encounter_pct,50,,,
nemesis_gem,nemesis_gem,Nemesis Gem,Accessory,0,Increases random-encounter rate.,Automatic,,0,0,False,False,False,False,,,,,,0,None,,0,0,encounter_pct,50,,,
war_god_icon,war_god_icon,War God Icon,Accessory,60000,Allows the same attack sequence to fire twice.,Automatic,,0,0,False,False,False,False,,,,,,0,None,,0,0,double_attack,0,,,
evil_god_icon,evil_god_icon,Evil God Icon,Accessory,40000,Steal items from defeated enemies.,Automatic,,0,0,False,False,False,False,,,,,,0,None,,0,0,,0,,,
warrior_icon,warrior_icon,Warrior Icon,Accessory,55000,Allows counterattacks.,Automatic,,0,0,False,False,False,False,,,,,,0,None,,0,0,counter_chance,0,,,
unholy_icon,unholy_icon,Unholy Icon,Accessory,50000,Ignore enemy defenses.,Automatic,,0,0,False,False,False,False,,,,,,0,None,,0,0,ignore_defense,0,,,
evil_medallion,evil_medallion,Evil Medallion,Accessory,9999,Wearer enters berserk; multiple art attacks per turn.,Automatic,,0,0,False,False,False,False,,,,,,0,None,,0,0,berserk,0,,,
chicken_heart,chicken_heart,Chicken Heart,Accessory,10000,Increases successful-escape rate.,Automatic,,0,0,False,False,False,False,,,,,,0,None,,0,0,escape_chance,0,,,
chicken_safe,chicken_safe,Chicken Safe,Accessory,10000,Reduces incoming damage while escaping.,Automatic,,0,0,False,False,False,False,,,,,,0,None,,0,0,escape_def_pct,0,,,
chicken_guard,chicken_guard,Chicken Guard,Accessory,10000,Prevents enemies from escaping.,Automatic,,0,0,False,False,False,False,,,,,,0,None,,0,0,escape_block,0,,,
chicken_king,chicken_king,Chicken King,Accessory,25000,Always escape from non-boss battles.,Automatic,,0,0,False,False,False,False,,,,,,0,None,,0,0,escape_chance,100,,,
astral_sword,astral_sword,Astral Sword,Weapon,0,,Automatic,,0,0,False,False,False,False,,,Sword,Vahn,,97,None,,0,0,,0,,,
battle_axe,battle_axe,Battle Axe,Weapon,15600,,Automatic,,0,0,False,False,False,False,,,Axe,Gala,"(""Vahn"",""Noa"")",62,None,,0,0,,0,,,
battle_knife,battle_knife,Battle Knife,Weapon,1200,,Automatic,,0,0,False,False,False,False,,,Knife,Vahn,"(""Noa"",""Gala"")",18,None,,0,0,,0,,,
beast_buster,beast_buster,Beast Buster,Weapon,14500,,Automatic,,0,0,False,False,False,False,,,Sword,Vahn,,58,None,,0,0,,0,,,
bloody_claw,bloody_claw,Bloody Claw,Weapon,9500,,Automatic,,0,0,False,False,False,False,,,Claw,Noa,"(""Vahn"",""Gala"")",49,None,,0,0,,0,,,
chaos_breaker,chaos_breaker,Chaos Breaker,Weapon,32000,,Automatic,,0,0,False,False,False,False,,,Sword,Vahn,,72,None,,0,0,,0,,,
crimson_nails,crimson_nails,Crimson Nails,Weapon,980,,Automatic,,0,0,False,False,False,False,,,Claw,Noa,"(""Vahn"",""Gala"")",16,None,,0,0,,0,,,
fighter_claw,fighter_claw,Fighter Claw,Weapon,2900,,Automatic,,0,0,False,False,False,False,,,Claw,Noa,"(""Vahn"",""Gala"")",26,None,,0,0,,0,,,
force_blade,force_blade,Force Blade,Weapon,4200,,Automatic,,0,0,False,False,False,False,,,Sword,Vahn,,40,None,,0,0,,0,,,
gala_mace,gala_mace,Gala Mace,Weapon,5200,,Automatic,,0,0,False,False,False,False,,,Club,Gala,,38,None,,0,0,,0,,,
golden_claw,golden_claw,Golden Claw,Weapon,44000,,Automatic,,0,0,False,False,False,False,,,Claw,Noa,,86,None,,0,0,,0,,,
great_axe,great_axe,Great Axe,Weapon,55000,,Automatic,,0,0,False,False,False,False,,,Axe,Gala,,88,None,,0,0,,0,,,
hard_beat,hard_beat,Hard Beat,Weapon,3800,,Automatic,,0,0,False,False,False,False,,,Sword,Noa,,34,None,,0,0,,0,,,
nail_glove,nail_glove,Nail Glove,Weapon,160,,Automatic,,0,0,False,False,False,False,,,Knife,Noa,"(""Vahn"",""Gala"")",6,None,,0,0,,0,,,
heavy_strike,heavy_strike,Heavy Strike,Weapon,34000,,Automatic,,0,0,False,False,False,False,,,Sword,Noa,,73,None,,0,0,,0,,,
noa_feral,noa_feral,Noa Feral,Weapon,600,,Automatic,,0,0,False,False,False,False,,,Sword,Noa,"(""Vahn"",""Gala"")",9,None,,0,0,,0,,,
holy_claw,holy_claw,Holy Claw,Weapon,17000,,Automatic,,0,0,False,False,False,False,,,Claw,Noa,,64,None,,0,0,,0,,,
power_club,power_club,Power Club,Weapon,36000,,Automatic,,0,0,False,False,False,False,,,Club,Gala,,76,None,,0,0,,0,,,
ra_seru_blade,ra_seru_blade,Ra-Seru Blade,Weapon,0,,Automatic,,0,0,False,False,False,False,,,Sword,Vahn,,98,None,,0,0,,0,,,
ra_seru_club,ra_seru_club,Ra-Seru Club,Weapon,0,,Automatic,,0,0,False,False,False,False,,,Club,Gala,,100,None,,0,0,,0,,,
ra_seru_fangs,ra_seru_fangs,Ra-Seru Fangs,Weapon,0,,Automatic,,0,0,False,False,False,False,,,Claw,Noa,,96,None,,0,0,,0,,,
red_club,red_club,Red Club,Weapon,3600,,Automatic,,0,0,False,False,False,False,,,Club,Gala,"(""Vahn"",""Noa"")",30,None,,0,0,,0,,,
short_sword,short_sword,Short Sword,Weapon,2700,,Automatic,,0,0,False,False,False,False,,,Sword,Vahn,"(""Noa"",""Gala"")",24,None,,0,0,,0,,,
survival_axe,survival_axe,Survival Axe,Weapon,10800,,Automatic,,0,0,False,False,False,False,,,Axe,Gala,"(""Vahn"",""Noa"")",53,None,,0,0,,0,,,
survival_club,survival_club,Survival Club,Weapon,860,,Automatic,,0,0,False,False,False,False,,,Club,Vahn,"(""Noa"",""Gala"")",15,None,,0,0,,0,,,
survival_knife,survival_knife,Survival Knife,Weapon,180,,Automatic,,0,0,False,False,False,False,,,Knife,Vahn,"(""Noa"",""Gala"")",6,None,,0,0,,0,,,
vahn_fist,vahn_fist,Vahn Fist,Weapon,500,,Automatic,,0,0,False,False,False,False,,,Knife,Vahn,,11,None,,0,0,,0,,,
