---,Level,XPTotal,XPFromPrevious
2,2,121,121
3,3,365,244
4,4,730,365
5,5,1338,608
6,6,2190,852
7,7,3407,1217
8,8,4989,1582
9,9,7058,2069
10,10,9613,2555
11,11,12777,3164
12,12,16550,3773
13,13,21052,4502
14,14,26285,5233
15,15,32370,6085
16,16,39306,6936
17,17,47216,7910
18,18,55781,8565
19,19,65703,9922
20,20,76714,11011
21,21,88935,12221
22,22,102366,13431
23,23,117128,14762
24,24,133221,16093
25,25,150766,17545
26,26,169763,18997
27,27,190333,20570
28,28,212476,22143
29,29,236313,23837
30,30,261844,25531
31,31,289190,27346
32,32,318351,29161
33,33,349448,31097
34,34,382481,33033
35,35,417571,35090
36,36,454718,37147
37,37,494043,39325
38,38,535546,41503
39,39,579348,43802
40,40,625449,46101
41,41,673970,48521
42,42,724911,50941
43,43,778393,53482
44,44,834416,56023
45,45,893101,58685
46,46,954448,61347
47,47,1018578,64130
48,48,1085491,66913
49,49,1155308,69817
50,50,1228029,72721
51,51,1303775,75746
52,52,1382546,78771
53,53,1464463,81917
54,54,1549526,85063
55,55,1637856,88330
56,56,1729453,91597
57,57,1824438,94985
58,58,1922811,98373
59,59,2024693,101882
60,60,2130084,105391
61,61,2239105,109021
62,62,2351756,112651
63,63,2468158,116402
64,64,2588311,120153
65,65,2712336,124025
66,66,2840233,127897
67,67,2972123,131890
68,68,3108006,135883
69,69,3248003,139997
70,70,3392114,144111
71,71,3540460,148346
72,72,3693041,152581
73,73,3849978,156937
74,74,4011271,161293
75,75,4177041,165770
76,76,4347288,170247
77,77,4522133,174845
78,78,4701576,179443
79,79,4885738,184162
80,80,5074619,188881
81,81,5268340,193721
82,82,5466901,198561
83,83,5670423,203522
84,84,5878906,208483
85,85,6092471,213565
86,86,6311118,218647
87,87,6534968,223850
88,88,6764021,229053
89,89,6998398,234377
90,90,7238099,239701
91,91,7483245,245146
92,92,7733836,250591
93,93,7989993,256157
94,94,8251716,261723
95,95,8519126,267410
96,96,8792223,273097
97,97,9071128,278905
98,98,9355841,284713
99,99,9646483,290642
