---,Character,Stat,GrowthStart,MaxValue,Jitter,CurveRow,MinDifficulty
Vahn_HP,Vahn,HP,180,5000,4,0,Normal
Vahn_MP,Vahn,MP,20,900,1,0,Normal
Vahn_AGL,Vahn,AGL,100,280,1,1,Normal
Vahn_ATK,Vahn,ATK,24,465,1,0,Normal
Vahn_UDF,Vahn,UDF,16,425,1,0,Normal
Vahn_LDF,Vahn,LDF,13,425,1,0,Normal
Vahn_SPD,Vahn,SPD,19,470,1,0,Normal
Vahn_INT,Vahn,INT,15,450,1,0,Normal
Noa_HP,Noa,HP,150,4500,4,0,Normal
Noa_MP,Noa,MP,10,750,1,0,Normal
Noa_AGL,Noa,AGL,120,300,1,1,Normal
Noa_ATK,Noa,ATK,20,440,1,0,Normal
Noa_UDF,Noa,UDF,12,400,1,0,Normal
Noa_LDF,Noa,LDF,12,450,1,0,Normal
Noa_SPD,Noa,SPD,30,500,1,1,Normal
Noa_INT,Noa,INT,9,400,1,0,Normal
Gala_HP,Gala,HP,210,5300,4,0,Normal
Gala_MP,Gala,MP,40,1000,1,0,Normal
Gala_AGL,Gala,AGL,80,270,1,1,Normal
Gala_ATK,Gala,ATK,30,490,1,0,Normal
Gala_UDF,Gala,UDF,43,450,1,0,Normal
Gala_LDF,Gala,LDF,30,400,1,0,Normal
Gala_SPD,Gala,SPD,15,425,1,2,Normal
Gala_INT,Gala,INT,20,480,1,0,Normal
Terra_HP,Terra,HP,400,4200,4,0,Hard
Terra_MP,Terra,MP,200,700,1,0,Hard
Terra_AGL,Terra,AGL,200,290,1,1,Hard
Terra_ATK,Terra,ATK,45,430,1,0,Hard
Terra_UDF,Terra,UDF,20,380,1,0,Hard
Terra_LDF,Terra,LDF,17,360,1,0,Hard
Terra_SPD,Terra,SPD,45,520,1,1,Hard
Terra_INT,Terra,INT,25,360,1,0,Hard
